scenario,feature,coefficient
machine,intercept,-3.7470545968135025
machine,machine_B,2.5786314372455035
machine,machine_C,0.4401716284917764
machine,material_M02,0.2436588650847294
machine,material_M03,0.44340486424297487
machine,B_M02,-0.3539036320731449
machine,B_M03,-0.4819396281536801
machine,C_M02,-0.775038583803361
machine,C_M03,-0.8795330314591068
machine,temperature_z,-0.03435868186063877
machine,temperature_z2,0.26696183527323253
machine,speed_z,0.7052512265909371
machine,product_B,0.24024899875377892
machine,night,0.14974683297031158
material,intercept,-3.5457615214114275
material,machine_B,-0.9406612190449191
material,machine_C,0.21739090022895927
material,material_M02,-0.16634657742240677
material,material_M03,2.4893366718690464
material,B_M02,1.0464504935273224
material,B_M03,0.775641458623925
material,C_M02,-0.1597014203138117
material,C_M03,-0.33564205678408043
material,temperature_z,-0.015633458146997792
material,temperature_z2,0.2935662473383078
material,speed_z,0.6607320269515023
material,product_B,0.2702182479435355
material,night,0.1804182162373042
interaction,intercept,-3.224059609756468
interaction,machine_B,-0.5582780697659478
interaction,machine_C,-0.27640439082664564
interaction,material_M02,-0.27701048837188874
interaction,material_M03,-0.22422970641115794
interaction,B_M02,0.5825149603671352
interaction,B_M03,3.5218935801904396
interaction,C_M02,0.26036948094252826
interaction,C_M03,0.39178561039557286
interaction,temperature_z,-0.051073348374253855
interaction,temperature_z2,0.3389567923706342
interaction,speed_z,0.4504745585808145
interaction,product_B,0.08896732704194507
interaction,night,0.022893148255301598
